
INSERT INTO jobs
VALUES (
'AD_PRES',
'President',
20000,
40000
);

INSERT INTO jobs
VALUES (
'AD_VP',
'Administration Vice President',
15000,
30000
);

INSERT INTO jobs
VALUES (
'AD_ASST',
'Administration Assistant',
3000,
6000
);

INSERT INTO jobs
VALUES (
'FI_MGR',
'Finance Manager',
8200,
16000
);

INSERT INTO jobs
VALUES (
'FI_ACCOUNT',
'Accountant',
4200,
9000
);

INSERT INTO jobs
VALUES (
'AC_MGR',
'Accounting Manager',
8200,
16000
);

INSERT INTO jobs
VALUES (
'AC_ACCOUNT',
'Public Accountant',
4200,
9000
);

INSERT INTO jobs
VALUES (
'SA_MAN',
'Sales Manager',
10000,
20000
);

INSERT INTO jobs
VALUES (
'SA_REP',
'Sales Representative',
6000,
12000
);

INSERT INTO jobs
VALUES (
'PU_MAN',
'Purchasing Manager',
8000,
15000
);

INSERT INTO jobs
VALUES (
'PU_CLERK',
'Purchasing Clerk',
2500,
5500
);

INSERT INTO jobs
VALUES (
'ST_MAN',
'Stock Manager',
5500,
8500
);

INSERT INTO jobs
VALUES (
'ST_CLERK',
'Stock Clerk',
2000,
5000
);

INSERT INTO jobs
VALUES (
'SH_CLERK',
'Shipping Clerk',
2500,
5500
);

INSERT INTO jobs
VALUES (
'IT_PROG',
'Programmer',
4000,
10000
);

INSERT INTO jobs
VALUES (
'MK_MAN',
'Marketing Manager',
9000,
15000
);

INSERT INTO jobs
VALUES (
'MK_REP',
'Marketing Representative',
4000,
9000
);

INSERT INTO jobs
VALUES (
'HR_REP',
'Human Resources Representative',
4000,
9000
);

INSERT INTO jobs
VALUES (
'PR_REP',
'Public Relations Representative',
4500,
10500
);

INSERT INTO employees
VALUES (
100,
'1',
'Steven',
'steven@email.com',
'AD_PRES',
24000,
10
);

INSERT INTO employees
VALUES (
101,
'1',
'Kochhar',
'kochhar@email.com',
'AD_VP',
17000,
20
);

INSERT INTO employees
VALUES (
102,
'1',
'Lex',
'lex@email.com',
'AD_VP',
17000,
90
);

INSERT INTO employees
VALUES (
103,
'1',
'Hunold',
'hunold@email.com',
'IT_PROG',
9000,
60
);

INSERT INTO employees
VALUES (
104,
'1',
'Bruce',
'bruce@email.com',
'IT_PROG',
6000,
60
);

INSERT INTO employees
VALUES (
105,
'1',
'David',
'david@email.com',
'IT_PROG',
4800,
60
);

INSERT INTO employees
VALUES (
106,
'1',
'Valli',
'valli@email.com',
'IT_PROG',
4800,
60
);

INSERT INTO employees
VALUES (
107,
'1',
'Diana',
'diana@email.com',
'IT_PROG',
4200,
60
);

INSERT INTO employees
VALUES (
108,
'1',
'Nancy',
'nancy@email.com',
'FI_MGR',
12000,
100
);

INSERT INTO employees
VALUES (
109,
'1',
'Daniel',
'daniel@email.com',
'FI_ACCOUNT',
9000,
100
);

INSERT INTO employees
VALUES (
110,
'1',
'John',
'john@email.com',
'FI_ACCOUNT',
8200,
100
);

INSERT INTO employees
VALUES (
111,
'1',
'Amanda',
'amanda@email.com',
'AD_VP',
17000,
20
);

INSERT INTO employees
VALUES (
112,
'1',
'marcos',
'marcos@email.com',
'AD_VP',
17000,
90
);

INSERT INTO employees
VALUES (
113,
'1',
'Renato',
'renato@email.com',
'IT_PROG',
9000,
60
);

INSERT INTO employees
VALUES (
114,
'1',
'Camila',
'camila@email.com',
'IT_PROG',
6000,
60
);

INSERT INTO employees
VALUES (
115,
'1',
'erick',
'erick@email.com',
'IT_PROG',
4800,
60
);

INSERT INTO employees
VALUES (
116,
'1',
'patrick',
'patrick@email.com',
'IT_PROG',
4800,
60
);

INSERT INTO employees
VALUES (
117,
'1',
'Nega',
'nega@email.com',
'IT_PROG',
4200,
60
);

INSERT INTO employees
VALUES (
118,
'1',
'Carlos',
'carlos@email.com',
'FI_MGR',
12000,
100
);

INSERT INTO employees
VALUES (
119,
'1',
'Catrine',
'catrine@email.com',
'FI_ACCOUNT',
9000,
100
);

INSERT INTO employees
VALUES (
120,
'1',
'John',
'john@email.com',
'FI_ACCOUNT',
8200,
100
);

INSERT INTO employees
VALUES (
121,
'1',
'Pedro',
'pedro@email.com',
'AD_PRES',
24000,
10
);
INSERT INTO departments
VALUES (
10,
'Administration',
100	);

INSERT INTO departments
VALUES (
20,
'Marketing',
101	);

INSERT INTO departments
VALUES (
30,
'Purchasing',
114	);

INSERT INTO departments
VALUES (
40,
'Human Resources',
103	);

INSERT INTO departments
VALUES (
50,
'Shipping',
121	);

INSERT INTO departments
VALUES (
60,
'IT',
103	);

INSERT INTO departments
VALUES (
70,
'Public Relations',
104	);

INSERT INTO departments
VALUES (
80,
'Sales',
105	);

INSERT INTO departments
VALUES (
90,
'Executive',
100	);

INSERT INTO departments
VALUES (
100,
'Finance',
108	);

INSERT INTO departments
VALUES (
110,
'Accounting',
105	);

INSERT INTO departments
VALUES (
120,
'Treasury',
115	);

INSERT INTO departments
VALUES (
130,
'Corporate Tax',
116	);

INSERT INTO departments
VALUES (
140,
'Control And Credit',
117	);

INSERT INTO departments
VALUES (
150,
'Shareholder Services',
118	);

INSERT INTO departments
VALUES (
160,
'Benefits',
119	);

INSERT INTO departments
VALUES (
170,
'Manufacturing',
111	);

INSERT INTO departments
VALUES (
180,
'Construction',
112	);

INSERT INTO departments
VALUES (
190,
'Contracting',
113	);

INSERT INTO departments
VALUES (
200,
'Operations',
111	);

INSERT INTO departments
VALUES (
210,
'IT Support',
100	);

INSERT INTO departments
VALUES (
220,
'NOC',
118	);

INSERT INTO departments
VALUES (
230,
'IT Helpdesk',
115	);

INSERT INTO departments
VALUES (
240,
'Government Sales',
112	);

INSERT INTO departments
VALUES (
250,
'Retail Sales',
114	);

INSERT INTO departments
VALUES (
260,
'Recruiting',
118	);

INSERT INTO departments
VALUES (
270,
'Payroll',
119	);